               epoch,      train/box_loss,      train/obj_loss,      train/cls_loss,   metrics/precision,      metrics/recall,     metrics/mAP_0.5,metrics/mAP_0.5:0.95,        val/box_loss,        val/obj_loss,        val/cls_loss,               x/lr0,               x/lr1,               x/lr2
                   0,             0.11282,            0.026695,                   0,           0.0014571,              0.0625,          0.00083368,          0.00015222,            0.098322,             0.01724,                   0,           0.0015333,           0.0015333,            0.027575
                   1,            0.094297,            0.018285,                   0,           0.0085862,            0.080357,           0.0033281,           0.0005797,            0.085771,            0.015343,                   0,           0.0031333,           0.0031333,            0.004175
                   2,            0.081269,            0.018529,                   0,            0.036774,             0.14286,            0.019666,           0.0047378,            0.077241,            0.015188,                   0,           0.0031998,           0.0031998,           0.0031998
                   3,            0.074385,            0.019226,                   0,             0.24449,             0.22321,             0.13752,            0.029568,            0.064912,            0.016178,                   0,           0.0031993,           0.0031993,           0.0031993
                   4,            0.068013,             0.01721,                   0,             0.40297,               0.375,             0.30907,             0.11275,            0.055166,            0.016268,                   0,           0.0031984,           0.0031984,           0.0031984
                   5,            0.060607,            0.018345,                   0,              0.5098,              0.4375,              0.3525,            0.097537,            0.053987,            0.015235,                   0,           0.0031972,           0.0031972,           0.0031972
                   6,            0.058674,            0.016449,                   0,             0.58407,             0.61607,             0.60473,             0.21397,            0.046687,            0.013981,                   0,           0.0031956,           0.0031956,           0.0031956
                   7,            0.054523,            0.016151,                   0,             0.50408,             0.45378,             0.40546,             0.14286,            0.052903,            0.012945,                   0,           0.0031937,           0.0031937,           0.0031937
                   8,            0.052415,            0.014384,                   0,             0.62924,             0.60615,             0.64361,              0.2655,            0.042481,            0.011638,                   0,           0.0031914,           0.0031914,           0.0031914
                   9,            0.049069,            0.013969,                   0,             0.71121,             0.64286,              0.6607,             0.33671,            0.038424,            0.011893,                   0,           0.0031888,           0.0031888,           0.0031888
                  10,            0.047764,             0.01317,                   0,              0.8349,             0.72321,              0.7789,             0.41223,            0.035416,             0.01004,                   0,           0.0031858,           0.0031858,           0.0031858
                  11,             0.04675,            0.012555,                   0,             0.81501,             0.66874,             0.77468,             0.34909,            0.036784,            0.010186,                   0,           0.0031825,           0.0031825,           0.0031825
                  12,            0.044055,            0.012515,                   0,             0.79767,             0.65179,             0.71624,             0.43707,            0.033366,            0.010169,                   0,           0.0031788,           0.0031788,           0.0031788
                  13,            0.041844,            0.011958,                   0,             0.82763,             0.68592,             0.78279,             0.43954,            0.034298,           0.0089672,                   0,           0.0031747,           0.0031747,           0.0031747
                  14,            0.042753,            0.011544,                   0,             0.85293,             0.69643,              0.8206,             0.46457,            0.032239,           0.0085191,                   0,           0.0031703,           0.0031703,           0.0031703
                  15,            0.040384,            0.011313,                   0,             0.73728,             0.78571,             0.79909,             0.40365,            0.034206,           0.0088656,                   0,           0.0031656,           0.0031656,           0.0031656
                  16,            0.042188,            0.010239,                   0,             0.83777,             0.78571,             0.85153,             0.48002,            0.032539,           0.0073229,                   0,           0.0031605,           0.0031605,           0.0031605
                  17,            0.040718,            0.011081,                   0,             0.88207,             0.80357,             0.87849,              0.5536,            0.028562,           0.0073233,                   0,           0.0031551,           0.0031551,           0.0031551
                  18,             0.03985,            0.010961,                   0,             0.88292,              0.8125,             0.88663,             0.51835,            0.028639,           0.0070605,                   0,           0.0031493,           0.0031493,           0.0031493
                  19,            0.037504,            0.010614,                   0,             0.93917,             0.83036,             0.89366,              0.5353,            0.028907,           0.0071342,                   0,           0.0031432,           0.0031432,           0.0031432
                  20,            0.038579,           0.0096296,                   0,             0.94442,             0.75862,             0.86854,             0.54428,            0.030184,           0.0071073,                   0,           0.0031368,           0.0031368,           0.0031368
                  21,            0.037486,            0.010196,                   0,             0.95157,             0.70536,             0.86198,             0.52309,            0.028849,           0.0078936,                   0,             0.00313,             0.00313,             0.00313
                  22,            0.035886,           0.0095011,                   0,              0.7747,             0.82893,             0.84195,              0.4768,            0.033601,           0.0076518,                   0,           0.0031229,           0.0031229,           0.0031229
                  23,            0.035851,           0.0094536,                   0,             0.96701,              0.7852,             0.89514,             0.62664,            0.024342,           0.0065243,                   0,           0.0031154,           0.0031154,           0.0031154
                  24,            0.034625,           0.0092495,                   0,                0.95,             0.85714,             0.91846,               0.626,            0.025289,           0.0063573,                   0,           0.0031076,           0.0031076,           0.0031076
                  25,            0.034969,           0.0089577,                   0,             0.94999,             0.84807,             0.92557,             0.55704,            0.027667,           0.0058296,                   0,           0.0030995,           0.0030995,           0.0030995
                  26,             0.03482,           0.0096091,                   0,             0.96811,             0.83929,             0.93603,             0.64116,            0.023638,           0.0060822,                   0,            0.003091,            0.003091,            0.003091
                  27,            0.034923,           0.0094715,                   0,             0.91508,             0.86607,             0.90796,             0.62082,              0.0248,           0.0062867,                   0,           0.0030823,           0.0030823,           0.0030823
                  28,            0.033721,           0.0092749,                   0,             0.93659,             0.80357,               0.896,             0.61902,            0.026239,           0.0068982,                   0,           0.0030731,           0.0030731,           0.0030731
                  29,            0.033808,           0.0090137,                   0,               0.857,             0.91071,             0.92929,             0.62145,            0.024222,           0.0061974,                   0,           0.0030637,           0.0030637,           0.0030637
                  30,            0.033906,           0.0087721,                   0,             0.94841,             0.82143,             0.91221,             0.60407,            0.024183,           0.0063883,                   0,            0.003054,            0.003054,            0.003054
                  31,            0.034151,           0.0091368,                   0,             0.88987,              0.8657,             0.90992,             0.56696,            0.026737,           0.0061536,                   0,           0.0030439,           0.0030439,           0.0030439
                  32,            0.032209,           0.0088131,                   0,             0.94214,             0.88393,             0.92566,             0.63461,            0.023322,           0.0056193,                   0,           0.0030335,           0.0030335,           0.0030335
                  33,            0.032557,           0.0085018,                   0,             0.83322,             0.84821,             0.89921,             0.63014,            0.023486,           0.0061741,                   0,           0.0030228,           0.0030228,           0.0030228
                  34,            0.032061,           0.0087187,                   0,             0.90381,             0.83893,             0.91383,             0.63676,            0.022959,           0.0063924,                   0,           0.0030118,           0.0030118,           0.0030118
                  35,            0.032539,           0.0085785,                   0,             0.89717,             0.85691,             0.91314,             0.62154,            0.024216,           0.0059359,                   0,           0.0030005,           0.0030005,           0.0030005
                  36,            0.031642,            0.008619,                   0,             0.95959,             0.84806,             0.92546,             0.65636,            0.021967,           0.0058479,                   0,           0.0029889,           0.0029889,           0.0029889
                  37,            0.031424,            0.008215,                   0,             0.95918,             0.83923,             0.92894,               0.627,             0.02496,           0.0062678,                   0,            0.002977,            0.002977,            0.002977
                  38,             0.03274,           0.0086211,                   0,              0.9134,             0.84752,             0.91275,              0.6596,             0.02272,           0.0060823,                   0,           0.0029648,           0.0029648,           0.0029648
                  39,            0.031211,           0.0082641,                   0,             0.90653,             0.86596,             0.90832,             0.61503,            0.025622,           0.0067948,                   0,           0.0029523,           0.0029523,           0.0029523
                  40,            0.030479,           0.0083643,                   0,             0.99792,             0.89286,             0.94173,             0.67393,            0.022723,           0.0056618,                   0,           0.0029395,           0.0029395,           0.0029395
                  41,            0.030711,           0.0081066,                   0,             0.97999,             0.87445,             0.94526,             0.66124,            0.021483,           0.0054554,                   0,           0.0029264,           0.0029264,           0.0029264
                  42,            0.030097,           0.0079222,                   0,             0.93268,             0.92857,             0.96054,             0.71475,            0.019967,            0.004898,                   0,            0.002913,            0.002913,            0.002913
                  43,            0.030861,           0.0084959,                   0,             0.96181,             0.90179,             0.95711,             0.71466,            0.019533,           0.0046576,                   0,           0.0028993,           0.0028993,           0.0028993
                  44,            0.029988,           0.0080574,                   0,             0.96969,             0.85695,             0.94103,             0.65907,            0.021242,           0.0050847,                   0,           0.0028854,           0.0028854,           0.0028854
                  45,             0.02993,           0.0080655,                   0,             0.97102,             0.90179,             0.94334,             0.68421,            0.020676,           0.0052348,                   0,           0.0028712,           0.0028712,           0.0028712
                  46,            0.028695,           0.0077301,                   0,             0.92609,             0.90179,             0.93522,             0.66913,            0.021317,           0.0050976,                   0,           0.0028567,           0.0028567,           0.0028567
                  47,            0.030107,           0.0077069,                   0,              0.9802,             0.88385,             0.95525,             0.70445,            0.019713,           0.0049915,                   0,            0.002842,            0.002842,            0.002842
                  48,            0.029566,           0.0075112,                   0,              0.9898,               0.866,             0.94399,             0.67608,            0.020332,           0.0050901,                   0,           0.0028269,           0.0028269,           0.0028269
                  49,            0.028598,           0.0078398,                   0,             0.96189,              0.9015,             0.94087,             0.69229,            0.019596,           0.0045309,                   0,           0.0028117,           0.0028117,           0.0028117
                  50,              0.0288,           0.0081136,                   0,             0.96253,             0.91964,             0.95077,             0.69721,             0.01981,           0.0044383,                   0,           0.0027961,           0.0027961,           0.0027961
                  51,            0.027993,            0.007995,                   0,             0.97893,             0.86607,             0.94963,             0.67983,            0.020731,            0.005079,                   0,           0.0027803,           0.0027803,           0.0027803
                  52,            0.028016,            0.007467,                   0,             0.97167,             0.91882,             0.95829,             0.71992,             0.01943,           0.0044546,                   0,           0.0027643,           0.0027643,           0.0027643
                  53,            0.028543,            0.008121,                   0,             0.91665,             0.88393,             0.91795,             0.66094,            0.020353,            0.005374,                   0,            0.002748,            0.002748,            0.002748
                  54,            0.027628,           0.0076693,                   0,             0.95044,               0.875,             0.92659,             0.64796,            0.021499,           0.0053103,                   0,           0.0027315,           0.0027315,           0.0027315
                  55,            0.028324,            0.007573,                   0,             0.98988,               0.875,             0.93782,             0.68982,             0.02036,            0.004887,                   0,           0.0027147,           0.0027147,           0.0027147
                  56,            0.027464,           0.0076158,                   0,             0.95123,               0.875,             0.94029,             0.71532,            0.019316,           0.0049503,                   0,           0.0026978,           0.0026978,           0.0026978
                  57,            0.028018,           0.0073844,                   0,             0.97924,             0.85714,             0.94753,             0.68563,            0.020035,           0.0050526,                   0,           0.0026805,           0.0026805,           0.0026805
                  58,            0.027354,            0.007626,                   0,             0.97036,             0.88393,             0.95007,             0.72156,            0.018887,            0.004887,                   0,           0.0026631,           0.0026631,           0.0026631
                  59,            0.026466,           0.0074956,                   0,             0.98074,             0.91071,             0.95798,             0.71819,            0.018467,           0.0046381,                   0,           0.0026454,           0.0026454,           0.0026454
                  60,            0.027024,           0.0073084,                   0,             0.97142,              0.9105,             0.95276,             0.67023,            0.021645,           0.0050915,                   0,           0.0026276,           0.0026276,           0.0026276
                  61,            0.027144,           0.0076289,                   0,             0.98973,             0.91964,             0.94647,             0.72386,             0.01891,           0.0045026,                   0,           0.0026095,           0.0026095,           0.0026095
                  62,            0.024987,            0.007042,                   0,             0.96038,             0.86607,             0.92952,             0.65232,            0.021613,           0.0051604,                   0,           0.0025912,           0.0025912,           0.0025912
                  63,            0.026679,           0.0075891,                   0,             0.97094,             0.91071,              0.9552,             0.69382,            0.019184,           0.0046309,                   0,           0.0025727,           0.0025727,           0.0025727
                  64,             0.02648,           0.0071366,                   0,             0.99986,             0.91964,             0.95233,             0.69533,            0.019594,           0.0044221,                   0,            0.002554,            0.002554,            0.002554
                  65,            0.026636,           0.0070243,                   0,                   1,             0.92849,             0.95877,             0.72461,            0.018087,           0.0042546,                   0,           0.0025351,           0.0025351,           0.0025351
                  66,            0.025135,           0.0073169,                   0,             0.99958,             0.92857,             0.95632,             0.74418,            0.018036,           0.0043184,                   0,           0.0025161,           0.0025161,           0.0025161
                  67,            0.026254,           0.0070095,                   0,             0.99983,             0.88393,             0.95361,             0.73462,            0.017086,           0.0042266,                   0,           0.0024968,           0.0024968,           0.0024968
                  68,             0.02529,           0.0068926,                   0,             0.98009,             0.88393,             0.94458,             0.70584,            0.018892,           0.0044882,                   0,           0.0024774,           0.0024774,           0.0024774
                  69,            0.026438,           0.0069081,                   0,             0.95187,             0.88393,             0.94567,             0.72488,             0.01867,           0.0047419,                   0,           0.0024578,           0.0024578,           0.0024578
                  70,            0.025876,           0.0066277,                   0,             0.99971,             0.88393,               0.961,             0.72465,            0.017779,           0.0044209,                   0,            0.002438,            0.002438,            0.002438
                  71,            0.025323,           0.0072208,                   0,             0.97087,             0.89278,              0.9489,             0.72524,            0.018454,            0.004676,                   0,           0.0024181,           0.0024181,           0.0024181
                  72,            0.025542,           0.0071418,                   0,             0.95392,             0.92857,             0.97069,             0.71224,            0.019174,           0.0043139,                   0,            0.002398,            0.002398,            0.002398
                  73,            0.025255,           0.0073736,                   0,             0.97167,             0.91964,             0.95725,             0.73008,            0.018153,           0.0042062,                   0,           0.0023778,           0.0023778,           0.0023778
                  74,            0.025875,           0.0073088,                   0,             0.98113,             0.92853,             0.96652,              0.7428,             0.01708,           0.0041869,                   0,           0.0023574,           0.0023574,           0.0023574
                  75,            0.024735,           0.0066866,                   0,             0.99986,             0.92857,              0.9645,             0.72908,            0.017738,           0.0041353,                   0,           0.0023368,           0.0023368,           0.0023368
                  76,            0.025311,           0.0068979,                   0,             0.98091,             0.91964,             0.96791,             0.77785,            0.015705,           0.0040116,                   0,           0.0023162,           0.0023162,           0.0023162
                  77,            0.023842,            0.006485,                   0,                   1,              0.9107,             0.96534,             0.74269,            0.016315,           0.0040358,                   0,           0.0022954,           0.0022954,           0.0022954
                  78,            0.025443,           0.0068578,                   0,             0.95191,             0.88377,             0.95745,             0.72346,            0.017221,            0.004702,                   0,           0.0022744,           0.0022744,           0.0022744
                  79,            0.023898,           0.0071283,                   0,             0.98057,             0.90138,              0.9641,             0.75824,            0.015916,           0.0039634,                   0,           0.0022534,           0.0022534,           0.0022534
                  80,            0.024392,           0.0069291,                   0,             0.97209,              0.9375,             0.95614,             0.75483,            0.015746,           0.0038088,                   0,           0.0022322,           0.0022322,           0.0022322
                  81,            0.023538,           0.0066442,                   0,              0.9543,              0.9375,             0.95557,             0.75036,            0.016011,           0.0039682,                   0,            0.002211,            0.002211,            0.002211
                  82,            0.024083,           0.0065538,                   0,              0.9983,             0.89286,              0.9511,             0.75718,            0.016147,           0.0040967,                   0,           0.0021896,           0.0021896,           0.0021896
                  83,             0.02385,           0.0066845,                   0,                   1,             0.85696,              0.9591,             0.72639,             0.01752,           0.0045344,                   0,           0.0021681,           0.0021681,           0.0021681
                  84,            0.024211,           0.0064211,                   0,              0.9895,             0.84821,             0.94241,             0.70983,            0.018627,           0.0047567,                   0,           0.0021465,           0.0021465,           0.0021465
                  85,            0.023867,           0.0069011,                   0,             0.96057,               0.875,             0.94455,             0.75048,            0.016077,           0.0043009,                   0,           0.0021249,           0.0021249,           0.0021249
                  86,            0.023345,           0.0067289,                   0,              0.9519,             0.89286,             0.94945,             0.76194,            0.015739,           0.0041891,                   0,           0.0021031,           0.0021031,           0.0021031
                  87,            0.023649,           0.0062868,                   0,             0.97143,             0.91062,             0.96154,              0.7607,            0.016778,           0.0042903,                   0,           0.0020813,           0.0020813,           0.0020813
                  88,            0.023701,           0.0064146,                   0,              0.9633,              0.9375,             0.96802,             0.76162,            0.015764,            0.004008,                   0,           0.0020594,           0.0020594,           0.0020594
                  89,             0.02367,           0.0067712,                   0,             0.98128,              0.9375,             0.96418,             0.78492,            0.015219,           0.0038511,                   0,           0.0020374,           0.0020374,           0.0020374
                  90,            0.022651,           0.0064959,                   0,             0.99038,             0.92857,             0.96889,             0.74506,            0.016624,           0.0039747,                   0,           0.0020154,           0.0020154,           0.0020154
                  91,            0.024459,           0.0068049,                   0,             0.99989,             0.91964,             0.96947,             0.75673,            0.016185,           0.0042634,                   0,           0.0019933,           0.0019933,           0.0019933
                  92,            0.023532,           0.0063243,                   0,             0.98039,             0.89276,             0.96841,             0.73685,            0.017038,           0.0043487,                   0,           0.0019712,           0.0019712,           0.0019712
                  93,            0.022743,           0.0066271,                   0,             0.98058,             0.90172,             0.95963,             0.75678,            0.017085,           0.0042376,                   0,            0.001949,            0.001949,            0.001949
                  94,            0.023256,           0.0062828,                   0,             0.97106,             0.90179,             0.96345,             0.75712,            0.015529,           0.0039474,                   0,           0.0019268,           0.0019268,           0.0019268
                  95,            0.022989,           0.0067891,                   0,             0.93629,             0.91964,             0.96332,             0.77497,            0.016112,            0.004218,                   0,           0.0019045,           0.0019045,           0.0019045
                  96,            0.022639,           0.0061138,                   0,             0.98075,             0.91071,              0.9667,               0.775,             0.01563,           0.0039623,                   0,           0.0018822,           0.0018822,           0.0018822
                  97,             0.02222,           0.0062167,                   0,             0.98989,             0.92857,             0.96615,             0.76004,            0.015338,           0.0038499,                   0,           0.0018599,           0.0018599,           0.0018599
                  98,            0.022045,           0.0067156,                   0,              0.9797,             0.91071,              0.9595,             0.74884,            0.015586,           0.0039648,                   0,           0.0018376,           0.0018376,           0.0018376
                  99,            0.022467,           0.0065852,                   0,             0.98074,             0.91071,             0.96135,             0.76566,            0.015299,           0.0041278,                   0,           0.0018153,           0.0018153,           0.0018153
                 100,            0.022611,           0.0061675,                   0,             0.98084,             0.91964,             0.96523,             0.74931,            0.015937,           0.0039033,                   0,           0.0017929,           0.0017929,           0.0017929
                 101,            0.021909,           0.0064316,                   0,              0.9901,             0.89285,             0.97023,             0.77147,               0.015,           0.0037761,                   0,           0.0017706,           0.0017706,           0.0017706
                 102,            0.022481,           0.0062701,                   0,             0.98148,             0.94638,             0.96934,             0.78203,            0.014424,           0.0037948,                   0,           0.0017483,           0.0017483,           0.0017483
                 103,            0.021593,           0.0061311,                   0,             0.99018,             0.91071,             0.95909,             0.75678,            0.017049,           0.0044392,                   0,           0.0017259,           0.0017259,           0.0017259
                 104,            0.021437,           0.0062872,                   0,              0.9814,             0.94643,             0.97377,             0.78806,            0.014199,           0.0037966,                   0,           0.0017036,           0.0017036,           0.0017036
                 105,            0.021938,           0.0060675,                   0,             0.97179,              0.9375,              0.9728,             0.77161,            0.015091,           0.0037472,                   0,           0.0016813,           0.0016813,           0.0016813
                 106,            0.022202,           0.0065578,                   0,             0.99982,             0.88393,             0.96018,             0.79643,            0.014841,           0.0041423,                   0,           0.0016591,           0.0016591,           0.0016591
                 107,            0.021755,           0.0066557,                   0,                   1,             0.88389,             0.95995,             0.76482,            0.015677,           0.0040499,                   0,           0.0016369,           0.0016369,           0.0016369
                 108,            0.021787,           0.0062893,                   0,             0.98096,             0.94643,             0.96538,             0.76517,            0.015352,           0.0036406,                   0,           0.0016147,           0.0016147,           0.0016147
                 109,            0.021109,           0.0061904,                   0,             0.98081,             0.91964,             0.96998,              0.7717,            0.014408,           0.0036954,                   0,           0.0015925,           0.0015925,           0.0015925
                 110,            0.021305,           0.0060611,                   0,             0.97155,             0.91964,             0.97108,             0.78908,            0.014299,           0.0036756,                   0,           0.0015705,           0.0015705,           0.0015705
                 111,            0.021289,           0.0063972,                   0,             0.97187,             0.92857,             0.97112,             0.78177,            0.014552,           0.0036595,                   0,           0.0015484,           0.0015484,           0.0015484
                 112,            0.020852,           0.0061585,                   0,             0.99951,             0.91964,             0.96865,             0.78827,            0.014307,           0.0035512,                   0,           0.0015264,           0.0015264,           0.0015264
                 113,            0.021368,           0.0060551,                   0,             0.98996,              0.9375,             0.97047,             0.76754,            0.015451,           0.0036028,                   0,           0.0015045,           0.0015045,           0.0015045
                 114,            0.021968,           0.0064462,                   0,             0.98148,             0.94641,             0.97391,             0.78669,             0.01542,           0.0037637,                   0,           0.0014827,           0.0014827,           0.0014827
                 115,            0.020821,           0.0059853,                   0,             0.99989,             0.94643,             0.97745,              0.7922,            0.014221,            0.003584,                   0,            0.001461,            0.001461,            0.001461
                 116,            0.020967,           0.0059815,                   0,             0.99042,             0.94643,             0.97741,             0.78668,            0.013941,           0.0035971,                   0,           0.0014393,           0.0014393,           0.0014393
                 117,            0.020962,           0.0059016,                   0,             0.99038,             0.91957,             0.97485,             0.77884,            0.015019,           0.0037008,                   0,           0.0014177,           0.0014177,           0.0014177
                 118,            0.020434,           0.0058337,                   0,                   1,             0.90163,              0.9694,             0.76934,            0.015471,            0.003896,                   0,           0.0013962,           0.0013962,           0.0013962
                 119,            0.021011,           0.0058447,                   0,             0.99998,             0.90179,             0.96121,             0.76469,            0.014946,            0.003954,                   0,           0.0013748,           0.0013748,           0.0013748
                 120,            0.020555,           0.0062376,                   0,             0.99038,             0.91964,              0.9722,             0.80431,            0.013386,           0.0035689,                   0,           0.0013535,           0.0013535,           0.0013535
                 121,            0.020418,           0.0059056,                   0,             0.99999,             0.91964,             0.97495,             0.80739,            0.013909,           0.0036041,                   0,           0.0013324,           0.0013324,           0.0013324
                 122,            0.020155,           0.0055314,                   0,             0.99038,             0.91963,             0.97091,              0.7924,            0.013488,           0.0036035,                   0,           0.0013113,           0.0013113,           0.0013113
                 123,             0.02013,           0.0056671,                   0,                   1,             0.92849,             0.97156,             0.79053,            0.014159,           0.0035931,                   0,           0.0012904,           0.0012904,           0.0012904
                 124,            0.020406,           0.0059131,                   0,             0.99998,             0.92857,             0.97786,             0.79565,            0.013698,           0.0035235,                   0,           0.0012696,           0.0012696,           0.0012696
                 125,            0.020009,           0.0055427,                   0,             0.98143,             0.94643,             0.97973,             0.79912,            0.013975,            0.003592,                   0,           0.0012489,           0.0012489,           0.0012489
                 126,            0.019976,           0.0061166,                   0,             0.98112,             0.92857,             0.97582,             0.80314,            0.013788,           0.0035594,                   0,           0.0012283,           0.0012283,           0.0012283
                 127,            0.020245,           0.0059396,                   0,             0.97243,             0.94643,             0.97939,             0.80112,            0.013819,           0.0034623,                   0,           0.0012079,           0.0012079,           0.0012079
                 128,            0.019772,           0.0058059,                   0,                   1,             0.94633,              0.9804,              0.8052,            0.013138,           0.0034178,                   0,           0.0011877,           0.0011877,           0.0011877
                 129,            0.020314,           0.0061119,                   0,             0.99059,             0.94643,             0.97963,             0.80557,            0.013001,           0.0034242,                   0,           0.0011676,           0.0011676,           0.0011676
                 130,            0.020697,           0.0059559,                   0,             0.97236,             0.94643,             0.97213,             0.80697,            0.013598,             0.00371,                   0,           0.0011476,           0.0011476,           0.0011476
                 131,            0.019877,           0.0060566,                   0,             0.99034,             0.91964,             0.96748,              0.8107,            0.013094,           0.0036803,                   0,           0.0011279,           0.0011279,           0.0011279
                 132,            0.020148,           0.0056453,                   0,                   1,             0.91958,             0.97004,             0.80266,            0.013309,           0.0036918,                   0,           0.0011082,           0.0011082,           0.0011082
                 133,            0.019703,            0.005791,                   0,             0.97221,              0.9375,             0.97311,             0.80204,            0.012955,           0.0037415,                   0,           0.0010888,           0.0010888,           0.0010888
                 134,            0.019401,           0.0054148,                   0,             0.99065,             0.94643,             0.97786,             0.81352,            0.012861,           0.0034491,                   0,           0.0010695,           0.0010695,           0.0010695
                 135,              0.0203,           0.0061625,                   0,             0.98136,             0.94643,             0.97499,             0.81477,            0.012653,           0.0034457,                   0,           0.0010505,           0.0010505,           0.0010505
                 136,            0.018908,           0.0056961,                   0,             0.99043,             0.92857,             0.97353,             0.82037,            0.012414,           0.0034285,                   0,           0.0010316,           0.0010316,           0.0010316
                 137,            0.019696,           0.0056897,                   0,                   1,             0.92854,             0.97814,             0.81959,            0.012601,           0.0034712,                   0,           0.0010129,           0.0010129,           0.0010129
                 138,            0.019137,            0.005831,                   0,             0.99043,             0.92857,             0.97059,             0.82281,            0.012812,            0.003594,                   0,          0.00099435,          0.00099435,          0.00099435
                 139,             0.01844,           0.0054124,                   0,             0.97246,             0.94643,             0.97693,             0.80806,            0.014233,           0.0036191,                   0,          0.00097604,          0.00097604,          0.00097604
                 140,            0.019551,           0.0057918,                   0,             0.99059,             0.94643,             0.97751,             0.79961,            0.013697,           0.0035381,                   0,          0.00095794,          0.00095794,          0.00095794
                 141,             0.01988,           0.0057749,                   0,                   1,             0.92855,             0.97806,             0.81107,            0.013275,            0.003545,                   0,          0.00094004,          0.00094004,          0.00094004
                 142,            0.019467,           0.0055846,                   0,             0.99044,             0.92857,             0.98119,             0.81586,             0.01298,           0.0033641,                   0,          0.00092236,          0.00092236,          0.00092236
                 143,            0.019515,           0.0056049,                   0,             0.99064,             0.94643,             0.97551,             0.81588,            0.012421,           0.0032966,                   0,           0.0009049,           0.0009049,           0.0009049
                 144,            0.018471,           0.0058254,                   0,             0.99998,             0.94643,             0.97742,             0.81466,            0.012977,           0.0033358,                   0,          0.00088767,          0.00088767,          0.00088767
                 145,            0.019501,           0.0057791,                   0,             0.99055,             0.94643,             0.97649,             0.81268,            0.012652,           0.0032708,                   0,          0.00087066,          0.00087066,          0.00087066
                 146,            0.019216,           0.0056787,                   0,             0.99061,             0.94643,             0.98212,              0.8102,            0.013626,           0.0033847,                   0,          0.00085388,          0.00085388,          0.00085388
                 147,            0.019358,            0.005877,                   0,             0.99053,             0.94643,             0.97968,               0.822,            0.012724,           0.0032955,                   0,          0.00083734,          0.00083734,          0.00083734
                 148,            0.018752,            0.005369,                   0,                   1,             0.92855,             0.98131,             0.82791,            0.012533,           0.0032835,                   0,          0.00082104,          0.00082104,          0.00082104
                 149,             0.01912,           0.0056969,                   0,             0.99994,             0.92857,              0.9796,             0.81508,            0.012963,           0.0034643,                   0,          0.00080499,          0.00080499,          0.00080499
                 150,            0.019307,           0.0060012,                   0,             0.99996,             0.94643,             0.97815,             0.81527,            0.012821,           0.0033179,                   0,          0.00078918,          0.00078918,          0.00078918
                 151,            0.017976,           0.0054256,                   0,             0.99063,             0.94643,             0.98042,             0.83334,            0.012312,           0.0032974,                   0,          0.00077363,          0.00077363,          0.00077363
                 152,            0.017891,           0.0053576,                   0,             0.99995,             0.94643,             0.98115,             0.81179,            0.013633,           0.0034773,                   0,          0.00075833,          0.00075833,          0.00075833
                 153,            0.018358,           0.0056172,                   0,             0.99065,             0.94641,             0.97816,             0.80236,            0.013697,           0.0034632,                   0,          0.00074329,          0.00074329,          0.00074329
                 154,            0.018707,           0.0054888,                   0,             0.99063,             0.94643,             0.97647,             0.81833,            0.012144,           0.0033457,                   0,          0.00072851,          0.00072851,          0.00072851
                 155,            0.019124,           0.0052895,                   0,             0.99992,             0.94643,             0.97853,             0.82696,            0.012324,           0.0033307,                   0,          0.00071401,          0.00071401,          0.00071401
                 156,            0.018417,           0.0055718,                   0,                   1,             0.94641,             0.98023,             0.81063,            0.012932,           0.0034048,                   0,          0.00069977,          0.00069977,          0.00069977
                 157,            0.018595,            0.005621,                   0,             0.99065,             0.94643,             0.97802,             0.81427,            0.012803,           0.0033907,                   0,          0.00068581,          0.00068581,          0.00068581
                 158,            0.018662,           0.0054848,                   0,             0.98143,             0.94643,             0.97518,             0.83423,            0.012017,           0.0032859,                   0,          0.00067213,          0.00067213,          0.00067213
                 159,             0.01828,           0.0057115,                   0,             0.99041,             0.94643,             0.97416,             0.82691,             0.01244,           0.0032159,                   0,          0.00065873,          0.00065873,          0.00065873
                 160,            0.017396,           0.0053778,                   0,             0.97579,             0.94643,             0.97289,             0.83674,            0.012195,           0.0033009,                   0,          0.00064562,          0.00064562,          0.00064562
                 161,            0.018806,           0.0054192,                   0,             0.98137,             0.94643,             0.96747,             0.82309,            0.013081,           0.0033866,                   0,          0.00063279,          0.00063279,          0.00063279
                 162,            0.018711,           0.0057546,                   0,             0.99995,             0.94643,             0.97315,             0.82459,            0.012869,           0.0033308,                   0,          0.00062026,          0.00062026,          0.00062026
                 163,            0.017816,           0.0055318,                   0,                   1,             0.94642,              0.9756,             0.83257,            0.012384,           0.0033435,                   0,          0.00060802,          0.00060802,          0.00060802
                 164,            0.018135,           0.0059711,                   0,             0.99998,             0.94643,             0.97864,             0.82749,             0.01255,            0.003275,                   0,          0.00059608,          0.00059608,          0.00059608
                 165,              0.0188,           0.0056919,                   0,             0.99998,             0.94643,             0.98019,             0.82149,             0.01247,           0.0032229,                   0,          0.00058444,          0.00058444,          0.00058444
                 166,            0.019318,           0.0055375,                   0,                   1,             0.94642,             0.98035,             0.82694,              0.0123,            0.003196,                   0,           0.0005731,           0.0005731,           0.0005731
                 167,            0.018005,           0.0055543,                   0,             0.99997,             0.94643,             0.98057,             0.83175,            0.011986,           0.0031569,                   0,          0.00056207,          0.00056207,          0.00056207
                 168,            0.018232,           0.0053293,                   0,                   1,             0.94641,             0.98089,             0.82741,            0.012282,           0.0031871,                   0,          0.00055135,          0.00055135,          0.00055135
                 169,            0.017812,           0.0055035,                   0,                   1,             0.94642,             0.98011,             0.82417,            0.012472,           0.0032497,                   0,          0.00054095,          0.00054095,          0.00054095
                 170,            0.017376,           0.0051478,                   0,             0.99995,             0.94643,             0.98055,             0.82884,            0.012515,           0.0032709,                   0,          0.00053085,          0.00053085,          0.00053085
                 171,            0.017915,           0.0055488,                   0,             0.99995,             0.94643,              0.9793,             0.83057,            0.011904,           0.0031106,                   0,          0.00052108,          0.00052108,          0.00052108
                 172,            0.017962,           0.0054063,                   0,                   1,             0.94642,             0.97872,             0.82949,            0.011803,           0.0030981,                   0,          0.00051163,          0.00051163,          0.00051163
                 173,            0.018157,           0.0055251,                   0,             0.99996,             0.94643,             0.98157,             0.83714,            0.012018,           0.0031415,                   0,          0.00050249,          0.00050249,          0.00050249
                 174,            0.016736,           0.0050514,                   0,                   1,             0.92855,             0.97971,             0.83049,            0.011921,           0.0031871,                   0,          0.00049369,          0.00049369,          0.00049369
                 175,            0.017666,            0.005309,                   0,                   1,             0.92855,             0.98081,             0.82545,            0.012413,           0.0032624,                   0,           0.0004852,           0.0004852,           0.0004852
                 176,            0.018197,           0.0052299,                   0,                   1,             0.92857,                0.98,             0.82587,            0.012483,           0.0032216,                   0,          0.00047705,          0.00047705,          0.00047705
                 177,            0.017971,           0.0054068,                   0,             0.98218,             0.94643,             0.97956,             0.83255,            0.011699,            0.003219,                   0,          0.00046923,          0.00046923,          0.00046923
                 178,            0.017733,           0.0054355,                   0,                   1,             0.94642,             0.98022,             0.82121,             0.01234,           0.0033064,                   0,          0.00046174,          0.00046174,          0.00046174
                 179,            0.017723,           0.0052011,                   0,              0.9995,             0.94643,             0.97922,             0.83042,            0.012083,           0.0032237,                   0,          0.00045459,          0.00045459,          0.00045459
                 180,            0.017522,           0.0051593,                   0,             0.99994,             0.94643,             0.97906,             0.83411,            0.011808,           0.0031709,                   0,          0.00044777,          0.00044777,          0.00044777
                 181,            0.017703,           0.0053821,                   0,                   1,              0.9464,              0.9822,             0.82991,            0.012024,           0.0032157,                   0,           0.0004413,           0.0004413,           0.0004413
                 182,            0.017697,           0.0054074,                   0,                   1,             0.94643,              0.9794,             0.82133,            0.012106,           0.0032279,                   0,          0.00043516,          0.00043516,          0.00043516
                 183,            0.017056,           0.0053876,                   0,             0.99999,             0.94643,             0.97874,             0.82544,            0.011992,           0.0032219,                   0,          0.00042936,          0.00042936,          0.00042936
                 184,            0.017359,           0.0051494,                   0,             0.99998,             0.94643,             0.97821,             0.82738,            0.011562,           0.0031618,                   0,          0.00042391,          0.00042391,          0.00042391
                 185,            0.017308,           0.0053226,                   0,             0.99999,             0.94643,             0.97819,             0.83235,            0.011458,            0.003129,                   0,           0.0004188,           0.0004188,           0.0004188
                 186,            0.017325,           0.0053054,                   0,             0.99998,             0.94643,             0.97899,             0.82581,            0.011967,           0.0031589,                   0,          0.00041404,          0.00041404,          0.00041404
                 187,            0.017831,           0.0055007,                   0,             0.99999,             0.94643,             0.98249,             0.82094,             0.01241,           0.0033314,                   0,          0.00040962,          0.00040962,          0.00040962
                 188,            0.017322,            0.005193,                   0,             0.99062,             0.94643,             0.98019,             0.83336,            0.011856,           0.0031471,                   0,          0.00040555,          0.00040555,          0.00040555
                 189,            0.017222,           0.0051262,                   0,                   1,             0.94642,              0.9796,             0.83426,            0.011499,           0.0031191,                   0,          0.00040183,          0.00040183,          0.00040183
                 190,            0.018171,           0.0051998,                   0,             0.99999,             0.94643,             0.97916,             0.82991,            0.011921,           0.0031765,                   0,          0.00039846,          0.00039846,          0.00039846
                 191,            0.017078,            0.005043,                   0,                   1,              0.9464,             0.97872,             0.82783,            0.012255,            0.003193,                   0,          0.00039545,          0.00039545,          0.00039545
                 192,            0.017056,           0.0050509,                   0,             0.99997,             0.94643,             0.97974,             0.83144,            0.011812,            0.003136,                   0,          0.00039278,          0.00039278,          0.00039278
                 193,            0.016412,           0.0052128,                   0,             0.99999,             0.94643,             0.97687,             0.83013,            0.011868,           0.0031075,                   0,          0.00039046,          0.00039046,          0.00039046
                 194,            0.016901,           0.0052984,                   0,             0.99999,             0.94643,             0.97558,             0.83113,            0.011688,           0.0031087,                   0,           0.0003885,           0.0003885,           0.0003885
                 195,            0.016816,           0.0050496,                   0,                   1,             0.94643,             0.97542,              0.8256,            0.011735,            0.003067,                   0,          0.00038689,          0.00038689,          0.00038689
                 196,            0.017004,           0.0052682,                   0,                   1,             0.94643,             0.97551,             0.84065,            0.011482,            0.003115,                   0,          0.00038564,          0.00038564,          0.00038564
                 197,            0.017495,           0.0053359,                   0,             0.99998,             0.94643,             0.97349,             0.82976,            0.011839,           0.0031642,                   0,          0.00038474,          0.00038474,          0.00038474
                 198,            0.019106,            0.005707,                   0,                   1,             0.94642,             0.97521,             0.80005,            0.014243,            0.003413,                   0,          0.00038419,          0.00038419,          0.00038419
                 199,            0.018315,           0.0051528,                   0,             0.99995,             0.94643,              0.9771,             0.82265,            0.013081,           0.0031979,                   0,            0.000384,            0.000384,            0.000384
